skill_id,flagged,num_violations,violated_checks,detail
SK-001,False,0,,
SK-002,False,0,,
SK-003,False,0,,
SK-004,False,0,,
SK-005,False,0,,
SK-006,False,0,,
SK-007,False,0,,
SK-008,False,0,,
SK-009,False,0,,
SK-010,False,0,,
SK-011,False,0,,
SK-012,False,0,,
SK-013,False,0,,
SK-014,False,0,,
SK-015,False,0,,
SK-016,False,0,,
SK-017,False,0,,
SK-018,False,0,,
SK-019,False,0,,
SK-020,False,0,,
SK-021,False,0,,
SK-022,False,0,,
SK-023,False,0,,
SK-024,False,0,,
SK-025,False,0,,
SK-026,False,0,,
SK-027,False,0,,
SK-028,False,0,,
SK-029,False,0,,
SK-030,False,0,,
SK-031,False,0,,
SK-032,False,0,,
SK-033,False,0,,
SK-034,False,0,,
SK-035,False,0,,
SK-036,False,0,,
SK-037,False,0,,
SK-038,False,0,,
SK-039,False,0,,
SK-040,False,0,,
SK-041,False,0,,
SK-042,False,0,,
SK-043,False,0,,
SK-044,False,0,,
SK-045,False,0,,
SK-046,False,0,,
SK-047,False,0,,
SK-048,False,0,,
SK-049,False,0,,
SK-050,False,0,,
SK-051,False,0,,
SK-052,False,0,,
SK-054,False,0,,
SK-055,False,0,,
SK-056,False,0,,
SK-057,False,0,,
SK-058,False,0,,
SK-059,False,0,,
SK-060,False,0,,
SK-061,False,0,,
SK-062,False,0,,
SK-063,False,0,,
SK-064,False,0,,
SK-065,False,0,,
SK-066,False,0,,
SK-067,False,0,,
SK-068,False,0,,
SK-069,False,0,,
SK-070,False,0,,
SK-071,False,0,,
SK-072,False,0,,
SK-073,False,0,,
SK-074,False,0,,
SK-075,False,0,,
SK-076,False,0,,
SK-077,False,0,,
SK-078,False,0,,
SK-079,False,0,,
SK-080,False,0,,
SK-081,False,0,,
SK-082,False,0,,
SK-083,False,0,,
SK-084,False,0,,
SK-085,False,0,,
SK-086,False,0,,
SK-087,False,0,,
SK-088,False,0,,
SK-089,False,0,,
SK-091,False,0,,
SK-092,False,0,,
SK-093,False,0,,
SK-094,False,0,,
SK-095,False,0,,
SK-096,False,0,,
SK-097,False,0,,
SK-098,False,0,,
SK-099,False,0,,
SK-100,False,0,,
SK-101,False,0,,
SK-102,False,0,,
SK-103,False,0,,
SK-104,False,0,,
SK-105,False,0,,
SK-106,False,0,,
SK-107,False,0,,
SK-108,False,0,,
SK-109,False,0,,
SK-110,False,0,,
SK-111,False,0,,
SK-112,True,1,A3_unsatisfied_new_parameter,signature gained parameter(s) ['topic_category_id'] not present when this call was recorded; the recorded positional value list (1 value(s)) provides no binding for them
SK-113,True,1,A3_unsatisfied_new_parameter,signature gained parameter(s) ['topic_category_id'] not present when this call was recorded; the recorded positional value list (1 value(s)) provides no binding for them
SK-114,True,1,A3_unsatisfied_new_parameter,signature gained parameter(s) ['topic_category_id'] not present when this call was recorded; the recorded positional value list (1 value(s)) provides no binding for them
SK-115,True,1,A3_unsatisfied_new_parameter,signature gained parameter(s) ['topic_category_id'] not present when this call was recorded; the recorded positional value list (1 value(s)) provides no binding for them
SK-116,True,1,A3_unsatisfied_new_parameter,signature gained parameter(s) ['topic_category_id'] not present when this call was recorded; the recorded positional value list (1 value(s)) provides no binding for them
SK-117,True,1,A3_unsatisfied_new_parameter,signature gained parameter(s) ['topic_category_id'] not present when this call was recorded; the recorded positional value list (1 value(s)) provides no binding for them
SK-118,False,0,,
SK-119,False,0,,
SK-120,False,0,,
SK-121,False,0,,
SK-122,False,0,,
SK-123,False,0,,
SK-124,False,0,,
SK-125,False,0,,
SK-126,False,0,,
SK-127,False,0,,
SK-128,False,0,,
SK-129,False,0,,
SK-130,False,0,,
SK-131,False,0,,
SK-132,False,0,,
SK-133,False,0,,
