skill_id,policy_id,linked_rule_ids,policy_has_v2,changed_rules_hit,flagged_section,flagged_document,rationale
SK-001,POL-001,POL-001-R1;POL-001-R2;POL-001-R3;POL-001-R4,True,POL-001-R1;POL-001-R2,True,True,"Linked rule(s) ['POL-001-R1', 'POL-001-R2'] changed between POL-001 v1 and v2 -- skill was distilled under superseded text."
SK-002,POL-001,POL-001-R1;POL-001-R2;POL-001-R3;POL-001-R4,True,POL-001-R1;POL-001-R2,True,True,"Linked rule(s) ['POL-001-R1', 'POL-001-R2'] changed between POL-001 v1 and v2 -- skill was distilled under superseded text."
SK-003,POL-001,POL-001-R1;POL-001-R2;POL-001-R3;POL-001-R4,True,POL-001-R1;POL-001-R2,True,True,"Linked rule(s) ['POL-001-R1', 'POL-001-R2'] changed between POL-001 v1 and v2 -- skill was distilled under superseded text."
SK-004,POL-002,POL-002-R1;POL-002-R2;POL-002-R3,True,POL-002-R1,True,True,Linked rule(s) ['POL-002-R1'] changed between POL-002 v1 and v2 -- skill was distilled under superseded text.
SK-005,POL-002,POL-002-R1;POL-002-R2;POL-002-R3,True,POL-002-R1,True,True,Linked rule(s) ['POL-002-R1'] changed between POL-002 v1 and v2 -- skill was distilled under superseded text.
SK-006,POL-002,POL-002-R1;POL-002-R2;POL-002-R3,True,POL-002-R1,True,True,Linked rule(s) ['POL-002-R1'] changed between POL-002 v1 and v2 -- skill was distilled under superseded text.
SK-007,POL-003,POL-003-R1;POL-003-R2;POL-003-R3;POL-003-R4,True,POL-003-R1;POL-003-R2,True,True,"Linked rule(s) ['POL-003-R1', 'POL-003-R2'] changed between POL-003 v1 and v2 -- skill was distilled under superseded text."
SK-008,POL-003,POL-003-R1;POL-003-R2;POL-003-R3;POL-003-R4,True,POL-003-R1;POL-003-R2,True,True,"Linked rule(s) ['POL-003-R1', 'POL-003-R2'] changed between POL-003 v1 and v2 -- skill was distilled under superseded text."
SK-009,POL-003,POL-003-R1;POL-003-R2;POL-003-R3;POL-003-R4,True,POL-003-R1;POL-003-R2,True,True,"Linked rule(s) ['POL-003-R1', 'POL-003-R2'] changed between POL-003 v1 and v2 -- skill was distilled under superseded text."
SK-010,POL-004,POL-004-R1;POL-004-R2;POL-004-R4;POL-004-R5,True,POL-004-R1;POL-004-R2,True,True,"Linked rule(s) ['POL-004-R1', 'POL-004-R2'] changed between POL-004 v1 and v2 -- skill was distilled under superseded text."
SK-011,POL-004,POL-004-R1;POL-004-R2;POL-004-R4;POL-004-R5,True,POL-004-R1;POL-004-R2,True,True,"Linked rule(s) ['POL-004-R1', 'POL-004-R2'] changed between POL-004 v1 and v2 -- skill was distilled under superseded text."
SK-012,POL-004,POL-004-R1;POL-004-R2;POL-004-R3;POL-004-R4;POL-004-R5,True,POL-004-R1;POL-004-R2;POL-004-R3,True,True,"Linked rule(s) ['POL-004-R1', 'POL-004-R2', 'POL-004-R3'] changed between POL-004 v1 and v2 -- skill was distilled under superseded text."
SK-013,POL-004,POL-004-R1;POL-004-R2;POL-004-R4;POL-004-R5,True,POL-004-R1;POL-004-R2,True,True,"Linked rule(s) ['POL-004-R1', 'POL-004-R2'] changed between POL-004 v1 and v2 -- skill was distilled under superseded text."
SK-014,POL-005,POL-005-R1;POL-005-R2;POL-005-R3,True,POL-005-R1;POL-005-R2,True,True,"Linked rule(s) ['POL-005-R1', 'POL-005-R2'] changed between POL-005 v1 and v2 -- skill was distilled under superseded text."
SK-015,POL-005,POL-005-R1;POL-005-R2;POL-005-R3,True,POL-005-R1;POL-005-R2,True,True,"Linked rule(s) ['POL-005-R1', 'POL-005-R2'] changed between POL-005 v1 and v2 -- skill was distilled under superseded text."
SK-016,POL-005,POL-005-R1;POL-005-R2;POL-005-R3,True,POL-005-R1;POL-005-R2,True,True,"Linked rule(s) ['POL-005-R1', 'POL-005-R2'] changed between POL-005 v1 and v2 -- skill was distilled under superseded text."
SK-017,POL-005,POL-005-R1;POL-005-R2;POL-005-R3,True,POL-005-R1;POL-005-R2,True,True,"Linked rule(s) ['POL-005-R1', 'POL-005-R2'] changed between POL-005 v1 and v2 -- skill was distilled under superseded text."
SK-018,POL-006,POL-006-R1;POL-006-R2,True,POL-006-R1;POL-006-R2,True,True,"Linked rule(s) ['POL-006-R1', 'POL-006-R2'] changed between POL-006 v1 and v2 -- skill was distilled under superseded text."
SK-019,POL-006,POL-006-R1;POL-006-R2,True,POL-006-R1;POL-006-R2,True,True,"Linked rule(s) ['POL-006-R1', 'POL-006-R2'] changed between POL-006 v1 and v2 -- skill was distilled under superseded text."
SK-020,POL-006,POL-006-R1;POL-006-R2,True,POL-006-R1;POL-006-R2,True,True,"Linked rule(s) ['POL-006-R1', 'POL-006-R2'] changed between POL-006 v1 and v2 -- skill was distilled under superseded text."
SK-021,POL-007,POL-007-R1;POL-007-R2;POL-007-R3,True,POL-007-R1;POL-007-R2,True,True,"Linked rule(s) ['POL-007-R1', 'POL-007-R2'] changed between POL-007 v1 and v2 -- skill was distilled under superseded text."
SK-022,POL-007,POL-007-R1;POL-007-R2;POL-007-R3,True,POL-007-R1;POL-007-R2,True,True,"Linked rule(s) ['POL-007-R1', 'POL-007-R2'] changed between POL-007 v1 and v2 -- skill was distilled under superseded text."
SK-023,POL-007,POL-007-R1;POL-007-R2;POL-007-R3,True,POL-007-R1;POL-007-R2,True,True,"Linked rule(s) ['POL-007-R1', 'POL-007-R2'] changed between POL-007 v1 and v2 -- skill was distilled under superseded text."
SK-024,POL-008,POL-008-R1;POL-008-R2;POL-008-R3,True,POL-008-R1;POL-008-R2,True,True,"Linked rule(s) ['POL-008-R1', 'POL-008-R2'] changed between POL-008 v1 and v2 -- skill was distilled under superseded text."
SK-025,POL-008,POL-008-R1;POL-008-R2;POL-008-R3,True,POL-008-R1;POL-008-R2,True,True,"Linked rule(s) ['POL-008-R1', 'POL-008-R2'] changed between POL-008 v1 and v2 -- skill was distilled under superseded text."
SK-026,POL-008,POL-008-R1;POL-008-R2;POL-008-R3,True,POL-008-R1;POL-008-R2,True,True,"Linked rule(s) ['POL-008-R1', 'POL-008-R2'] changed between POL-008 v1 and v2 -- skill was distilled under superseded text."
SK-027,POL-009,POL-009-R1;POL-009-R2;POL-009-R3;POL-009-R4,True,POL-009-R1;POL-009-R2,True,True,"Linked rule(s) ['POL-009-R1', 'POL-009-R2'] changed between POL-009 v1 and v2 -- skill was distilled under superseded text."
SK-028,POL-009,POL-009-R1;POL-009-R2;POL-009-R3;POL-009-R4,True,POL-009-R1;POL-009-R2,True,True,"Linked rule(s) ['POL-009-R1', 'POL-009-R2'] changed between POL-009 v1 and v2 -- skill was distilled under superseded text."
SK-029,POL-009,POL-009-R1;POL-009-R2;POL-009-R3;POL-009-R4,True,POL-009-R1;POL-009-R2,True,True,"Linked rule(s) ['POL-009-R1', 'POL-009-R2'] changed between POL-009 v1 and v2 -- skill was distilled under superseded text."
SK-030,POL-009,POL-009-R1;POL-009-R2;POL-009-R3;POL-009-R4,True,POL-009-R1;POL-009-R2,True,True,"Linked rule(s) ['POL-009-R1', 'POL-009-R2'] changed between POL-009 v1 and v2 -- skill was distilled under superseded text."
SK-031,POL-010,POL-010-R1;POL-010-R2,True,POL-010-R1;POL-010-R2,True,True,"Linked rule(s) ['POL-010-R1', 'POL-010-R2'] changed between POL-010 v1 and v2 -- skill was distilled under superseded text."
SK-032,POL-010,POL-010-R1;POL-010-R2;POL-010-R3,True,POL-010-R1;POL-010-R2,True,True,"Linked rule(s) ['POL-010-R1', 'POL-010-R2'] changed between POL-010 v1 and v2 -- skill was distilled under superseded text."
SK-033,POL-010,POL-010-R1;POL-010-R2,True,POL-010-R1;POL-010-R2,True,True,"Linked rule(s) ['POL-010-R1', 'POL-010-R2'] changed between POL-010 v1 and v2 -- skill was distilled under superseded text."
SK-034,POL-010,POL-010-R1;POL-010-R2;POL-010-R3,True,POL-010-R1;POL-010-R2,True,True,"Linked rule(s) ['POL-010-R1', 'POL-010-R2'] changed between POL-010 v1 and v2 -- skill was distilled under superseded text."
SK-035,POL-011,POL-011-R1;POL-011-R2;POL-011-R3,True,POL-011-R1;POL-011-R2,True,True,"Linked rule(s) ['POL-011-R1', 'POL-011-R2'] changed between POL-011 v1 and v2 -- skill was distilled under superseded text."
SK-036,POL-011,POL-011-R1;POL-011-R2;POL-011-R3,True,POL-011-R1;POL-011-R2,True,True,"Linked rule(s) ['POL-011-R1', 'POL-011-R2'] changed between POL-011 v1 and v2 -- skill was distilled under superseded text."
SK-037,POL-011,POL-011-R1;POL-011-R2;POL-011-R3,True,POL-011-R1;POL-011-R2,True,True,"Linked rule(s) ['POL-011-R1', 'POL-011-R2'] changed between POL-011 v1 and v2 -- skill was distilled under superseded text."
SK-038,POL-011,POL-011-R1;POL-011-R2;POL-011-R3,True,POL-011-R1;POL-011-R2,True,True,"Linked rule(s) ['POL-011-R1', 'POL-011-R2'] changed between POL-011 v1 and v2 -- skill was distilled under superseded text."
SK-039,POL-012,POL-012-R1;POL-012-R2;POL-012-R3,True,POL-012-R1;POL-012-R2,True,True,"Linked rule(s) ['POL-012-R1', 'POL-012-R2'] changed between POL-012 v1 and v2 -- skill was distilled under superseded text."
SK-040,POL-012,POL-012-R1;POL-012-R2;POL-012-R3,True,POL-012-R1;POL-012-R2,True,True,"Linked rule(s) ['POL-012-R1', 'POL-012-R2'] changed between POL-012 v1 and v2 -- skill was distilled under superseded text."
SK-041,POL-012,POL-012-R1;POL-012-R2;POL-012-R3,True,POL-012-R1;POL-012-R2,True,True,"Linked rule(s) ['POL-012-R1', 'POL-012-R2'] changed between POL-012 v1 and v2 -- skill was distilled under superseded text."
SK-042,POL-013,POL-013-R1;POL-013-R2,True,POL-013-R1;POL-013-R2,True,True,"Linked rule(s) ['POL-013-R1', 'POL-013-R2'] changed between POL-013 v1 and v2 -- skill was distilled under superseded text."
SK-043,POL-013,POL-013-R1;POL-013-R2,True,POL-013-R1;POL-013-R2,True,True,"Linked rule(s) ['POL-013-R1', 'POL-013-R2'] changed between POL-013 v1 and v2 -- skill was distilled under superseded text."
SK-044,POL-013,POL-013-R1;POL-013-R2,True,POL-013-R1;POL-013-R2,True,True,"Linked rule(s) ['POL-013-R1', 'POL-013-R2'] changed between POL-013 v1 and v2 -- skill was distilled under superseded text."
SK-045,POL-014,POL-014-R1;POL-014-R2;POL-014-R3,True,POL-014-R1;POL-014-R2;POL-014-R3,True,True,"Linked rule(s) ['POL-014-R1', 'POL-014-R2', 'POL-014-R3'] changed between POL-014 v1 and v2 -- skill was distilled under superseded text."
SK-046,POL-014,POL-014-R1;POL-014-R2;POL-014-R3,True,POL-014-R1;POL-014-R2;POL-014-R3,True,True,"Linked rule(s) ['POL-014-R1', 'POL-014-R2', 'POL-014-R3'] changed between POL-014 v1 and v2 -- skill was distilled under superseded text."
SK-047,POL-014,POL-014-R1;POL-014-R2;POL-014-R3,True,POL-014-R1;POL-014-R2;POL-014-R3,True,True,"Linked rule(s) ['POL-014-R1', 'POL-014-R2', 'POL-014-R3'] changed between POL-014 v1 and v2 -- skill was distilled under superseded text."
SK-048,POL-015,POL-015-R1;POL-015-R2;POL-015-R3,True,POL-015-R1;POL-015-R2;POL-015-R3,True,True,"Linked rule(s) ['POL-015-R1', 'POL-015-R2', 'POL-015-R3'] changed between POL-015 v1 and v2 -- skill was distilled under superseded text."
SK-049,POL-015,POL-015-R1;POL-015-R2;POL-015-R3,True,POL-015-R1;POL-015-R2;POL-015-R3,True,True,"Linked rule(s) ['POL-015-R1', 'POL-015-R2', 'POL-015-R3'] changed between POL-015 v1 and v2 -- skill was distilled under superseded text."
SK-050,POL-015,POL-015-R1;POL-015-R2;POL-015-R3,True,POL-015-R1;POL-015-R2;POL-015-R3,True,True,"Linked rule(s) ['POL-015-R1', 'POL-015-R2', 'POL-015-R3'] changed between POL-015 v1 and v2 -- skill was distilled under superseded text."
SK-051,POL-016,POL-016-R1;POL-016-R2;POL-016-R3,True,POL-016-R1;POL-016-R2;POL-016-R3,True,True,"Linked rule(s) ['POL-016-R1', 'POL-016-R2', 'POL-016-R3'] changed between POL-016 v1 and v2 -- skill was distilled under superseded text."
SK-052,POL-016,POL-016-R1;POL-016-R2;POL-016-R3,True,POL-016-R1;POL-016-R2;POL-016-R3,True,True,"Linked rule(s) ['POL-016-R1', 'POL-016-R2', 'POL-016-R3'] changed between POL-016 v1 and v2 -- skill was distilled under superseded text."
SK-054,POL-017,POL-017-R1;POL-017-R2;POL-017-R3,True,POL-017-R1;POL-017-R3,True,True,"Linked rule(s) ['POL-017-R1', 'POL-017-R3'] changed between POL-017 v1 and v2 -- skill was distilled under superseded text."
SK-055,POL-017,POL-017-R1;POL-017-R2;POL-017-R3,True,POL-017-R1;POL-017-R3,True,True,"Linked rule(s) ['POL-017-R1', 'POL-017-R3'] changed between POL-017 v1 and v2 -- skill was distilled under superseded text."
SK-056,POL-017,POL-017-R1;POL-017-R2;POL-017-R3,True,POL-017-R1;POL-017-R3,True,True,"Linked rule(s) ['POL-017-R1', 'POL-017-R3'] changed between POL-017 v1 and v2 -- skill was distilled under superseded text."
SK-057,POL-018,POL-018-R1;POL-018-R2;POL-018-R3,True,POL-018-R1;POL-018-R2;POL-018-R3,True,True,"Linked rule(s) ['POL-018-R1', 'POL-018-R2', 'POL-018-R3'] changed between POL-018 v1 and v2 -- skill was distilled under superseded text."
SK-058,POL-018,POL-018-R1;POL-018-R2;POL-018-R3,True,POL-018-R1;POL-018-R2;POL-018-R3,True,True,"Linked rule(s) ['POL-018-R1', 'POL-018-R2', 'POL-018-R3'] changed between POL-018 v1 and v2 -- skill was distilled under superseded text."
SK-059,POL-018,POL-018-R1;POL-018-R2;POL-018-R3,True,POL-018-R1;POL-018-R2;POL-018-R3,True,True,"Linked rule(s) ['POL-018-R1', 'POL-018-R2', 'POL-018-R3'] changed between POL-018 v1 and v2 -- skill was distilled under superseded text."
SK-060,POL-019,POL-019-R1;POL-019-R2;POL-019-R3,False,,False,False,POL-019 has no v2 document -- unchanged.
SK-061,POL-019,POL-019-R1;POL-019-R2;POL-019-R3,False,,False,False,POL-019 has no v2 document -- unchanged.
SK-062,POL-019,POL-019-R1;POL-019-R2;POL-019-R3,False,,False,False,POL-019 has no v2 document -- unchanged.
SK-063,POL-020,POL-020-R1;POL-020-R2;POL-020-R3,True,POL-020-R1;POL-020-R3,True,True,"Linked rule(s) ['POL-020-R1', 'POL-020-R3'] changed between POL-020 v1 and v2 -- skill was distilled under superseded text."
SK-064,POL-020,POL-020-R1;POL-020-R2;POL-020-R3,True,POL-020-R1;POL-020-R3,True,True,"Linked rule(s) ['POL-020-R1', 'POL-020-R3'] changed between POL-020 v1 and v2 -- skill was distilled under superseded text."
SK-065,POL-020,POL-020-R1;POL-020-R2;POL-020-R3,True,POL-020-R1;POL-020-R3,True,True,"Linked rule(s) ['POL-020-R1', 'POL-020-R3'] changed between POL-020 v1 and v2 -- skill was distilled under superseded text."
SK-066,POL-021,POL-021-R1;POL-021-R2;POL-021-R3;POL-021-R4,False,,False,False,POL-021 has no v2 document -- unchanged.
SK-067,POL-021,POL-021-R1;POL-021-R2;POL-021-R3;POL-021-R4,False,,False,False,POL-021 has no v2 document -- unchanged.
SK-068,POL-021,POL-021-R1;POL-021-R2;POL-021-R3;POL-021-R4,False,,False,False,POL-021 has no v2 document -- unchanged.
SK-069,POL-022,POL-022-R1;POL-022-R2;POL-022-R3;POL-022-R4,False,,False,False,POL-022 has no v2 document -- unchanged.
SK-070,POL-022,POL-022-R1;POL-022-R2;POL-022-R3;POL-022-R4,False,,False,False,POL-022 has no v2 document -- unchanged.
SK-071,POL-022,POL-022-R1;POL-022-R2;POL-022-R3;POL-022-R4,False,,False,False,POL-022 has no v2 document -- unchanged.
SK-072,POL-023,POL-023-R1;POL-023-R2,False,,False,False,POL-023 has no v2 document -- unchanged.
SK-073,POL-023,POL-023-R1;POL-023-R2,False,,False,False,POL-023 has no v2 document -- unchanged.
SK-074,POL-023,POL-023-R1;POL-023-R2,False,,False,False,POL-023 has no v2 document -- unchanged.
SK-075,POL-024,POL-024-R1;POL-024-R2;POL-024-R3,False,,False,False,POL-024 has no v2 document -- unchanged.
SK-076,POL-024,POL-024-R1;POL-024-R2;POL-024-R3,False,,False,False,POL-024 has no v2 document -- unchanged.
SK-077,POL-024,POL-024-R1;POL-024-R2;POL-024-R3,False,,False,False,POL-024 has no v2 document -- unchanged.
SK-078,POL-025,POL-025-R1;POL-025-R2;POL-025-R3;POL-025-R4,True,POL-025-R1;POL-025-R2,True,True,"Linked rule(s) ['POL-025-R1', 'POL-025-R2'] changed between POL-025 v1 and v2 -- skill was distilled under superseded text."
SK-079,POL-025,POL-025-R1;POL-025-R2;POL-025-R3;POL-025-R4,True,POL-025-R1;POL-025-R2,True,True,"Linked rule(s) ['POL-025-R1', 'POL-025-R2'] changed between POL-025 v1 and v2 -- skill was distilled under superseded text."
SK-080,POL-025,POL-025-R1;POL-025-R2;POL-025-R3;POL-025-R4,True,POL-025-R1;POL-025-R2,True,True,"Linked rule(s) ['POL-025-R1', 'POL-025-R2'] changed between POL-025 v1 and v2 -- skill was distilled under superseded text."
SK-081,POL-025,POL-025-R1;POL-025-R2;POL-025-R3;POL-025-R4,True,POL-025-R1;POL-025-R2,True,True,"Linked rule(s) ['POL-025-R1', 'POL-025-R2'] changed between POL-025 v1 and v2 -- skill was distilled under superseded text."
SK-082,POL-026,POL-026-R1;POL-026-R2;POL-026-R3;POL-026-R4,False,,False,False,POL-026 has no v2 document -- unchanged.
SK-083,POL-026,POL-026-R1;POL-026-R2;POL-026-R4,False,,False,False,POL-026 has no v2 document -- unchanged.
SK-084,POL-027,POL-027-R1;POL-027-R2;POL-027-R3;POL-027-R4,False,,False,False,POL-027 has no v2 document -- unchanged.
SK-085,POL-027,POL-027-R1;POL-027-R2;POL-027-R4,False,,False,False,POL-027 has no v2 document -- unchanged.
SK-086,POL-028,POL-028-R1;POL-028-R2;POL-028-R3,False,,False,False,POL-028 has no v2 document -- unchanged.
SK-087,POL-028,POL-028-R1;POL-028-R2;POL-028-R3,False,,False,False,POL-028 has no v2 document -- unchanged.
SK-088,POL-028,POL-028-R1;POL-028-R2;POL-028-R3,False,,False,False,POL-028 has no v2 document -- unchanged.
SK-089,POL-029,POL-029-R1;POL-029-R2;POL-029-R3,False,,False,False,POL-029 has no v2 document -- unchanged.
SK-091,POL-029,POL-029-R1;POL-029-R2;POL-029-R3,False,,False,False,POL-029 has no v2 document -- unchanged.
SK-092,POL-030,POL-030-R1;POL-030-R2;POL-030-R3,True,POL-030-R1;POL-030-R3,True,True,"Linked rule(s) ['POL-030-R1', 'POL-030-R3'] changed between POL-030 v1 and v2 -- skill was distilled under superseded text."
SK-093,POL-030,POL-030-R1;POL-030-R2;POL-030-R3,True,POL-030-R1;POL-030-R3,True,True,"Linked rule(s) ['POL-030-R1', 'POL-030-R3'] changed between POL-030 v1 and v2 -- skill was distilled under superseded text."
SK-094,POL-030,POL-030-R1;POL-030-R2;POL-030-R3,True,POL-030-R1;POL-030-R3,True,True,"Linked rule(s) ['POL-030-R1', 'POL-030-R3'] changed between POL-030 v1 and v2 -- skill was distilled under superseded text."
SK-095,POL-031,POL-031-R1;POL-031-R2;POL-031-R3;POL-031-R4,False,,False,False,POL-031 has no v2 document -- unchanged.
SK-096,POL-031,POL-031-R1;POL-031-R2;POL-031-R3;POL-031-R4,False,,False,False,POL-031 has no v2 document -- unchanged.
SK-097,POL-031,POL-031-R1;POL-031-R2;POL-031-R3;POL-031-R4,False,,False,False,POL-031 has no v2 document -- unchanged.
SK-098,POL-032,POL-032-R1;POL-032-R2;POL-032-R3,False,,False,False,POL-032 has no v2 document -- unchanged.
SK-099,POL-032,POL-032-R1;POL-032-R2;POL-032-R3,False,,False,False,POL-032 has no v2 document -- unchanged.
SK-100,POL-032,POL-032-R1;POL-032-R2;POL-032-R3,False,,False,False,POL-032 has no v2 document -- unchanged.
SK-101,POL-033,POL-033-R1;POL-033-R2;POL-033-R3,False,,False,False,POL-033 has no v2 document -- unchanged.
SK-102,POL-033,POL-033-R1;POL-033-R2;POL-033-R3,False,,False,False,POL-033 has no v2 document -- unchanged.
SK-103,POL-033,POL-033-R1;POL-033-R2;POL-033-R3,False,,False,False,POL-033 has no v2 document -- unchanged.
SK-104,POL-034,POL-034-R1;POL-034-R2;POL-034-R3;POL-034-R4,True,POL-034-R1;POL-034-R2,True,True,"Linked rule(s) ['POL-034-R1', 'POL-034-R2'] changed between POL-034 v1 and v2 -- skill was distilled under superseded text."
SK-105,POL-034,POL-034-R1;POL-034-R2;POL-034-R3;POL-034-R4,True,POL-034-R1;POL-034-R2,True,True,"Linked rule(s) ['POL-034-R1', 'POL-034-R2'] changed between POL-034 v1 and v2 -- skill was distilled under superseded text."
SK-106,POL-034,POL-034-R1;POL-034-R2;POL-034-R3;POL-034-R4,True,POL-034-R1;POL-034-R2,True,True,"Linked rule(s) ['POL-034-R1', 'POL-034-R2'] changed between POL-034 v1 and v2 -- skill was distilled under superseded text."
SK-107,POL-034,POL-034-R1;POL-034-R2;POL-034-R3;POL-034-R4,True,POL-034-R1;POL-034-R2,True,True,"Linked rule(s) ['POL-034-R1', 'POL-034-R2'] changed between POL-034 v1 and v2 -- skill was distilled under superseded text."
SK-108,POL-035,POL-035-R1;POL-035-R2;POL-035-R3;POL-035-R4,True,POL-035-R1;POL-035-R2;POL-035-R3,True,True,"Linked rule(s) ['POL-035-R1', 'POL-035-R2', 'POL-035-R3'] changed between POL-035 v1 and v2 -- skill was distilled under superseded text."
SK-109,POL-035,POL-035-R1;POL-035-R2;POL-035-R4,True,POL-035-R1;POL-035-R2,True,True,"Linked rule(s) ['POL-035-R1', 'POL-035-R2'] changed between POL-035 v1 and v2 -- skill was distilled under superseded text."
SK-110,POL-035,POL-035-R1;POL-035-R2;POL-035-R3;POL-035-R4,True,POL-035-R1;POL-035-R2;POL-035-R3,True,True,"Linked rule(s) ['POL-035-R1', 'POL-035-R2', 'POL-035-R3'] changed between POL-035 v1 and v2 -- skill was distilled under superseded text."
SK-111,POL-035,POL-035-R1;POL-035-R2;POL-035-R4,True,POL-035-R1;POL-035-R2,True,True,"Linked rule(s) ['POL-035-R1', 'POL-035-R2'] changed between POL-035 v1 and v2 -- skill was distilled under superseded text."
SK-112,POL-036,POL-036-R1;POL-036-R2;POL-036-R3;POL-036-R4,False,,False,False,POL-036 has no v2 document -- unchanged.
SK-113,POL-036,POL-036-R1;POL-036-R2;POL-036-R3;POL-036-R4,False,,False,False,POL-036 has no v2 document -- unchanged.
SK-114,POL-036,POL-036-R1;POL-036-R2;POL-036-R3;POL-036-R4,False,,False,False,POL-036 has no v2 document -- unchanged.
SK-115,POL-037,POL-037-R1;POL-037-R2;POL-037-R3;POL-037-R4,False,,False,False,POL-037 has no v2 document -- unchanged.
SK-116,POL-037,POL-037-R1;POL-037-R2;POL-037-R3;POL-037-R4,False,,False,False,POL-037 has no v2 document -- unchanged.
SK-117,POL-037,POL-037-R1;POL-037-R2;POL-037-R3;POL-037-R4,False,,False,False,POL-037 has no v2 document -- unchanged.
SK-118,,,False,,False,False,No dependency link (negative control): no policy version change can propagate to this skill.
SK-119,,,False,,False,False,No dependency link (negative control): no policy version change can propagate to this skill.
SK-120,,,False,,False,False,No dependency link (negative control): no policy version change can propagate to this skill.
SK-121,,,False,,False,False,No dependency link (negative control): no policy version change can propagate to this skill.
SK-122,,,False,,False,False,No dependency link (negative control): no policy version change can propagate to this skill.
SK-123,,,False,,False,False,No dependency link (negative control): no policy version change can propagate to this skill.
SK-124,,,False,,False,False,No dependency link (negative control): no policy version change can propagate to this skill.
SK-125,,,False,,False,False,No dependency link (negative control): no policy version change can propagate to this skill.
SK-126,,,False,,False,False,No dependency link (negative control): no policy version change can propagate to this skill.
SK-127,,,False,,False,False,No dependency link (negative control): no policy version change can propagate to this skill.
SK-128,,,False,,False,False,No dependency link (negative control): no policy version change can propagate to this skill.
SK-129,,,False,,False,False,No dependency link (negative control): no policy version change can propagate to this skill.
SK-130,,,False,,False,False,No dependency link (negative control): no policy version change can propagate to this skill.
SK-131,,,False,,False,False,No dependency link (negative control): no policy version change can propagate to this skill.
SK-132,,,False,,False,False,No dependency link (negative control): no policy version change can propagate to this skill.
SK-133,,,False,,False,False,No dependency link (negative control): no policy version change can propagate to this skill.
