error_type,skill_id,true_label,policy_id,policy_change_type,supersession_types_hit,linked_rule_ids,changed_rules_hit
false_positive,SK-010,partial,POL-004,real_supersession,value_dependent,POL-004-R1;POL-004-R2;POL-004-R4;POL-004-R5,POL-004-R1;POL-004-R2
false_positive,SK-011,partial,POL-004,real_supersession,value_dependent,POL-004-R1;POL-004-R2;POL-004-R4;POL-004-R5,POL-004-R1;POL-004-R2
false_positive,SK-013,partial,POL-004,real_supersession,value_dependent,POL-004-R1;POL-004-R2;POL-004-R4;POL-004-R5,POL-004-R1;POL-004-R2
false_positive,SK-042,valid,POL-013,cosmetic_only,,POL-013-R1;POL-013-R2,POL-013-R1;POL-013-R2
false_positive,SK-043,valid,POL-013,cosmetic_only,,POL-013-R1;POL-013-R2,POL-013-R1;POL-013-R2
false_positive,SK-044,valid,POL-013,cosmetic_only,,POL-013-R1;POL-013-R2,POL-013-R1;POL-013-R2
false_positive,SK-045,valid,POL-014,cosmetic_only,,POL-014-R1;POL-014-R2;POL-014-R3,POL-014-R1;POL-014-R2;POL-014-R3
false_positive,SK-046,valid,POL-014,cosmetic_only,,POL-014-R1;POL-014-R2;POL-014-R3,POL-014-R1;POL-014-R2;POL-014-R3
false_positive,SK-047,valid,POL-014,cosmetic_only,,POL-014-R1;POL-014-R2;POL-014-R3,POL-014-R1;POL-014-R2;POL-014-R3
false_positive,SK-048,valid,POL-015,cosmetic_only,,POL-015-R1;POL-015-R2;POL-015-R3,POL-015-R1;POL-015-R2;POL-015-R3
false_positive,SK-049,valid,POL-015,cosmetic_only,,POL-015-R1;POL-015-R2;POL-015-R3,POL-015-R1;POL-015-R2;POL-015-R3
false_positive,SK-050,valid,POL-015,cosmetic_only,,POL-015-R1;POL-015-R2;POL-015-R3,POL-015-R1;POL-015-R2;POL-015-R3
false_positive,SK-051,valid,POL-016,cosmetic_only,,POL-016-R1;POL-016-R2;POL-016-R3,POL-016-R1;POL-016-R2;POL-016-R3
false_positive,SK-052,valid,POL-016,cosmetic_only,,POL-016-R1;POL-016-R2;POL-016-R3,POL-016-R1;POL-016-R2;POL-016-R3
false_positive,SK-054,partial,POL-017,real_supersession,value_dependent,POL-017-R1;POL-017-R2;POL-017-R3,POL-017-R1;POL-017-R3
false_positive,SK-055,partial,POL-017,real_supersession,value_dependent,POL-017-R1;POL-017-R2;POL-017-R3,POL-017-R1;POL-017-R3
false_positive,SK-056,partial,POL-017,real_supersession,value_dependent,POL-017-R1;POL-017-R2;POL-017-R3,POL-017-R1;POL-017-R3
false_positive,SK-057,valid,POL-018,cosmetic_only,,POL-018-R1;POL-018-R2;POL-018-R3,POL-018-R1;POL-018-R2;POL-018-R3
false_positive,SK-058,valid,POL-018,cosmetic_only,,POL-018-R1;POL-018-R2;POL-018-R3,POL-018-R1;POL-018-R2;POL-018-R3
false_positive,SK-059,valid,POL-018,cosmetic_only,,POL-018-R1;POL-018-R2;POL-018-R3,POL-018-R1;POL-018-R2;POL-018-R3
false_positive,SK-063,partial,POL-020,real_supersession,value_dependent,POL-020-R1;POL-020-R2;POL-020-R3,POL-020-R1;POL-020-R3
false_positive,SK-064,partial,POL-020,real_supersession,value_dependent,POL-020-R1;POL-020-R2;POL-020-R3,POL-020-R1;POL-020-R3
false_positive,SK-065,partial,POL-020,real_supersession,value_dependent,POL-020-R1;POL-020-R2;POL-020-R3,POL-020-R1;POL-020-R3
false_positive,SK-078,partial,POL-025,real_supersession,value_dependent,POL-025-R1;POL-025-R2;POL-025-R3;POL-025-R4,POL-025-R1;POL-025-R2
false_positive,SK-079,partial,POL-025,real_supersession,value_dependent,POL-025-R1;POL-025-R2;POL-025-R3;POL-025-R4,POL-025-R1;POL-025-R2
false_positive,SK-080,partial,POL-025,real_supersession,value_dependent,POL-025-R1;POL-025-R2;POL-025-R3;POL-025-R4,POL-025-R1;POL-025-R2
false_positive,SK-081,partial,POL-025,real_supersession,value_dependent,POL-025-R1;POL-025-R2;POL-025-R3;POL-025-R4,POL-025-R1;POL-025-R2
false_positive,SK-092,partial,POL-030,real_supersession,value_dependent,POL-030-R1;POL-030-R2;POL-030-R3,POL-030-R1;POL-030-R3
false_positive,SK-093,partial,POL-030,real_supersession,value_dependent,POL-030-R1;POL-030-R2;POL-030-R3,POL-030-R1;POL-030-R3
false_positive,SK-094,partial,POL-030,real_supersession,value_dependent,POL-030-R1;POL-030-R2;POL-030-R3,POL-030-R1;POL-030-R3
false_positive,SK-104,partial,POL-034,real_supersession,value_dependent,POL-034-R1;POL-034-R2;POL-034-R3;POL-034-R4,POL-034-R1;POL-034-R2
false_positive,SK-105,partial,POL-034,real_supersession,value_dependent,POL-034-R1;POL-034-R2;POL-034-R3;POL-034-R4,POL-034-R1;POL-034-R2
false_positive,SK-106,partial,POL-034,real_supersession,value_dependent,POL-034-R1;POL-034-R2;POL-034-R3;POL-034-R4,POL-034-R1;POL-034-R2
false_positive,SK-107,partial,POL-034,real_supersession,value_dependent,POL-034-R1;POL-034-R2;POL-034-R3;POL-034-R4,POL-034-R1;POL-034-R2
false_positive,SK-109,partial,POL-035,real_supersession,value_dependent,POL-035-R1;POL-035-R2;POL-035-R4,POL-035-R1;POL-035-R2
false_positive,SK-111,partial,POL-035,real_supersession,value_dependent,POL-035-R1;POL-035-R2;POL-035-R4,POL-035-R1;POL-035-R2
