skill_id,policy_id,policy_version,rule_ids,branch,is_negative_control
SK-001,POL-001,v1,POL-001-R1;POL-001-R2;POL-001-R3;POL-001-R4,,False
SK-002,POL-001,v1,POL-001-R1;POL-001-R2;POL-001-R3;POL-001-R4,,False
SK-003,POL-001,v1,POL-001-R1;POL-001-R2;POL-001-R3;POL-001-R4,,False
SK-004,POL-002,v1,POL-002-R1;POL-002-R2;POL-002-R3,,False
SK-005,POL-002,v1,POL-002-R1;POL-002-R2;POL-002-R3,,False
SK-006,POL-002,v1,POL-002-R1;POL-002-R2;POL-002-R3,,False
SK-007,POL-003,v1,POL-003-R1;POL-003-R2;POL-003-R3;POL-003-R4,,False
SK-008,POL-003,v1,POL-003-R1;POL-003-R2;POL-003-R3;POL-003-R4,,False
SK-009,POL-003,v1,POL-003-R1;POL-003-R2;POL-003-R3;POL-003-R4,,False
SK-010,POL-004,v1,POL-004-R1;POL-004-R2;POL-004-R4;POL-004-R5,bronze,False
SK-011,POL-004,v1,POL-004-R1;POL-004-R2;POL-004-R4;POL-004-R5,gold,False
SK-012,POL-004,v1,POL-004-R1;POL-004-R2;POL-004-R3;POL-004-R4;POL-004-R5,guest,False
SK-013,POL-004,v1,POL-004-R1;POL-004-R2;POL-004-R4;POL-004-R5,silver,False
SK-014,POL-005,v1,POL-005-R1;POL-005-R2;POL-005-R3,bronze,False
SK-015,POL-005,v1,POL-005-R1;POL-005-R2;POL-005-R3,gold,False
SK-016,POL-005,v1,POL-005-R1;POL-005-R2;POL-005-R3,guest,False
SK-017,POL-005,v1,POL-005-R1;POL-005-R2;POL-005-R3,silver,False
SK-018,POL-006,v1,POL-006-R1;POL-006-R2,,False
SK-019,POL-006,v1,POL-006-R1;POL-006-R2,,False
SK-020,POL-006,v1,POL-006-R1;POL-006-R2,,False
SK-021,POL-007,v1,POL-007-R1;POL-007-R2;POL-007-R3,,False
SK-022,POL-007,v1,POL-007-R1;POL-007-R2;POL-007-R3,,False
SK-023,POL-007,v1,POL-007-R1;POL-007-R2;POL-007-R3,,False
SK-024,POL-008,v1,POL-008-R1;POL-008-R2;POL-008-R3,,False
SK-025,POL-008,v1,POL-008-R1;POL-008-R2;POL-008-R3,,False
SK-026,POL-008,v1,POL-008-R1;POL-008-R2;POL-008-R3,,False
SK-027,POL-009,v1,POL-009-R1;POL-009-R2;POL-009-R3;POL-009-R4,bronze,False
SK-028,POL-009,v1,POL-009-R1;POL-009-R2;POL-009-R3;POL-009-R4,gold,False
SK-029,POL-009,v1,POL-009-R1;POL-009-R2;POL-009-R3;POL-009-R4,guest,False
SK-030,POL-009,v1,POL-009-R1;POL-009-R2;POL-009-R3;POL-009-R4,silver,False
SK-031,POL-010,v1,POL-010-R1;POL-010-R2,bronze,False
SK-032,POL-010,v1,POL-010-R1;POL-010-R2;POL-010-R3,gold,False
SK-033,POL-010,v1,POL-010-R1;POL-010-R2,guest,False
SK-034,POL-010,v1,POL-010-R1;POL-010-R2;POL-010-R3,silver,False
SK-035,POL-011,v1,POL-011-R1;POL-011-R2;POL-011-R3,bronze,False
SK-036,POL-011,v1,POL-011-R1;POL-011-R2;POL-011-R3,gold,False
SK-037,POL-011,v1,POL-011-R1;POL-011-R2;POL-011-R3,guest,False
SK-038,POL-011,v1,POL-011-R1;POL-011-R2;POL-011-R3,silver,False
SK-039,POL-012,v1,POL-012-R1;POL-012-R2;POL-012-R3,,False
SK-040,POL-012,v1,POL-012-R1;POL-012-R2;POL-012-R3,,False
SK-041,POL-012,v1,POL-012-R1;POL-012-R2;POL-012-R3,,False
SK-042,POL-013,v1,POL-013-R1;POL-013-R2,,False
SK-043,POL-013,v1,POL-013-R1;POL-013-R2,,False
SK-044,POL-013,v1,POL-013-R1;POL-013-R2,,False
SK-045,POL-014,v1,POL-014-R1;POL-014-R2;POL-014-R3,,False
SK-046,POL-014,v1,POL-014-R1;POL-014-R2;POL-014-R3,,False
SK-047,POL-014,v1,POL-014-R1;POL-014-R2;POL-014-R3,,False
SK-048,POL-015,v1,POL-015-R1;POL-015-R2;POL-015-R3,,False
SK-049,POL-015,v1,POL-015-R1;POL-015-R2;POL-015-R3,,False
SK-050,POL-015,v1,POL-015-R1;POL-015-R2;POL-015-R3,,False
SK-051,POL-016,v1,POL-016-R1;POL-016-R2;POL-016-R3,,False
SK-052,POL-016,v1,POL-016-R1;POL-016-R2;POL-016-R3,,False
SK-054,POL-017,v1,POL-017-R1;POL-017-R2;POL-017-R3,,False
SK-055,POL-017,v1,POL-017-R1;POL-017-R2;POL-017-R3,,False
SK-056,POL-017,v1,POL-017-R1;POL-017-R2;POL-017-R3,,False
SK-057,POL-018,v1,POL-018-R1;POL-018-R2;POL-018-R3,,False
SK-058,POL-018,v1,POL-018-R1;POL-018-R2;POL-018-R3,,False
SK-059,POL-018,v1,POL-018-R1;POL-018-R2;POL-018-R3,,False
SK-060,POL-019,v1,POL-019-R1;POL-019-R2;POL-019-R3,,False
SK-061,POL-019,v1,POL-019-R1;POL-019-R2;POL-019-R3,,False
SK-062,POL-019,v1,POL-019-R1;POL-019-R2;POL-019-R3,,False
SK-063,POL-020,v1,POL-020-R1;POL-020-R2;POL-020-R3,,False
SK-064,POL-020,v1,POL-020-R1;POL-020-R2;POL-020-R3,,False
SK-065,POL-020,v1,POL-020-R1;POL-020-R2;POL-020-R3,,False
SK-066,POL-021,v1,POL-021-R1;POL-021-R2;POL-021-R3;POL-021-R4,,False
SK-067,POL-021,v1,POL-021-R1;POL-021-R2;POL-021-R3;POL-021-R4,,False
SK-068,POL-021,v1,POL-021-R1;POL-021-R2;POL-021-R3;POL-021-R4,,False
SK-069,POL-022,v1,POL-022-R1;POL-022-R2;POL-022-R3;POL-022-R4,,False
SK-070,POL-022,v1,POL-022-R1;POL-022-R2;POL-022-R3;POL-022-R4,,False
SK-071,POL-022,v1,POL-022-R1;POL-022-R2;POL-022-R3;POL-022-R4,,False
SK-072,POL-023,v1,POL-023-R1;POL-023-R2,,False
SK-073,POL-023,v1,POL-023-R1;POL-023-R2,,False
SK-074,POL-023,v1,POL-023-R1;POL-023-R2,,False
SK-075,POL-024,v1,POL-024-R1;POL-024-R2;POL-024-R3,,False
SK-076,POL-024,v1,POL-024-R1;POL-024-R2;POL-024-R3,,False
SK-077,POL-024,v1,POL-024-R1;POL-024-R2;POL-024-R3,,False
SK-078,POL-025,v1,POL-025-R1;POL-025-R2;POL-025-R3;POL-025-R4,bronze,False
SK-079,POL-025,v1,POL-025-R1;POL-025-R2;POL-025-R3;POL-025-R4,gold,False
SK-080,POL-025,v1,POL-025-R1;POL-025-R2;POL-025-R3;POL-025-R4,guest,False
SK-081,POL-025,v1,POL-025-R1;POL-025-R2;POL-025-R3;POL-025-R4,silver,False
SK-082,POL-026,v1,POL-026-R1;POL-026-R2;POL-026-R3;POL-026-R4,gold,False
SK-083,POL-026,v1,POL-026-R1;POL-026-R2;POL-026-R4,non-gold,False
SK-084,POL-027,v1,POL-027-R1;POL-027-R2;POL-027-R3;POL-027-R4,gold,False
SK-085,POL-027,v1,POL-027-R1;POL-027-R2;POL-027-R4,non-gold,False
SK-086,POL-028,v1,POL-028-R1;POL-028-R2;POL-028-R3,,False
SK-087,POL-028,v1,POL-028-R1;POL-028-R2;POL-028-R3,,False
SK-088,POL-028,v1,POL-028-R1;POL-028-R2;POL-028-R3,,False
SK-089,POL-029,v1,POL-029-R1;POL-029-R2;POL-029-R3,,False
SK-091,POL-029,v1,POL-029-R1;POL-029-R2;POL-029-R3,,False
SK-092,POL-030,v1,POL-030-R1;POL-030-R2;POL-030-R3,,False
SK-093,POL-030,v1,POL-030-R1;POL-030-R2;POL-030-R3,,False
SK-094,POL-030,v1,POL-030-R1;POL-030-R2;POL-030-R3,,False
SK-095,POL-031,v1,POL-031-R1;POL-031-R2;POL-031-R3;POL-031-R4,,False
SK-096,POL-031,v1,POL-031-R1;POL-031-R2;POL-031-R3;POL-031-R4,,False
SK-097,POL-031,v1,POL-031-R1;POL-031-R2;POL-031-R3;POL-031-R4,,False
SK-098,POL-032,v1,POL-032-R1;POL-032-R2;POL-032-R3,,False
SK-099,POL-032,v1,POL-032-R1;POL-032-R2;POL-032-R3,,False
SK-100,POL-032,v1,POL-032-R1;POL-032-R2;POL-032-R3,,False
SK-101,POL-033,v1,POL-033-R1;POL-033-R2;POL-033-R3,,False
SK-102,POL-033,v1,POL-033-R1;POL-033-R2;POL-033-R3,,False
SK-103,POL-033,v1,POL-033-R1;POL-033-R2;POL-033-R3,,False
SK-104,POL-034,v1,POL-034-R1;POL-034-R2;POL-034-R3;POL-034-R4,bronze,False
SK-105,POL-034,v1,POL-034-R1;POL-034-R2;POL-034-R3;POL-034-R4,gold,False
SK-106,POL-034,v1,POL-034-R1;POL-034-R2;POL-034-R3;POL-034-R4,guest,False
SK-107,POL-034,v1,POL-034-R1;POL-034-R2;POL-034-R3;POL-034-R4,silver,False
SK-108,POL-035,v1,POL-035-R1;POL-035-R2;POL-035-R3;POL-035-R4,bronze,False
SK-109,POL-035,v1,POL-035-R1;POL-035-R2;POL-035-R4,gold,False
SK-110,POL-035,v1,POL-035-R1;POL-035-R2;POL-035-R3;POL-035-R4,guest,False
SK-111,POL-035,v1,POL-035-R1;POL-035-R2;POL-035-R4,silver,False
SK-112,POL-036,v1,POL-036-R1;POL-036-R2;POL-036-R3;POL-036-R4,,False
SK-113,POL-036,v1,POL-036-R1;POL-036-R2;POL-036-R3;POL-036-R4,,False
SK-114,POL-036,v1,POL-036-R1;POL-036-R2;POL-036-R3;POL-036-R4,,False
SK-115,POL-037,v1,POL-037-R1;POL-037-R2;POL-037-R3;POL-037-R4,,False
SK-116,POL-037,v1,POL-037-R1;POL-037-R2;POL-037-R3;POL-037-R4,,False
SK-117,POL-037,v1,POL-037-R1;POL-037-R2;POL-037-R3;POL-037-R4,,False
SK-118,,,,,True
SK-119,,,,,True
SK-120,,,,,True
SK-121,,,,,True
SK-122,,,,,True
SK-123,,,,,True
SK-124,,,,,True
SK-125,,,,,True
SK-126,,,,,True
SK-127,,,,,True
SK-128,,,,,True
SK-129,,,,,True
SK-130,,,,,True
SK-131,,,,,True
SK-132,,,,,True
SK-133,,,,,True
