condition,skill_id,ground_truth_label,superseded_rules_hit,executes_cleanly,violates_v2_policy,outcome,explanation
A,SK-001,invalidated,POL-001-R1,True,True,silent_wrong_action,POL-001-R1: 'validate-purchase' supplies only 3 value(s); v2 requires 4 (the added field is never collected)
A,SK-002,invalidated,POL-001-R1,True,True,silent_wrong_action,POL-001-R1: 'validate-purchase' supplies only 3 value(s); v2 requires 4 (the added field is never collected)
A,SK-003,invalidated,POL-001-R1,True,True,silent_wrong_action,POL-001-R1: 'validate-purchase' supplies only 3 value(s); v2 requires 4 (the added field is never collected)
A,SK-004,invalidated,POL-002-R1,True,True,silent_wrong_action,POL-002-R1: 'validate-purchase' supplies only 3 value(s); v2 requires 4 (the added field is never collected)
A,SK-005,invalidated,POL-002-R1,True,True,silent_wrong_action,POL-002-R1: 'validate-purchase' supplies only 3 value(s); v2 requires 4 (the added field is never collected)
A,SK-006,invalidated,POL-002-R1,True,True,silent_wrong_action,POL-002-R1: 'validate-purchase' supplies only 3 value(s); v2 requires 4 (the added field is never collected)
A,SK-007,invalidated,POL-003-R1,True,True,silent_wrong_action,POL-003-R1: 'validate-purchase' supplies only 3 value(s); v2 requires 4 (the added field is never collected)
A,SK-008,invalidated,POL-003-R1,True,True,silent_wrong_action,POL-003-R1: 'validate-purchase' supplies only 3 value(s); v2 requires 4 (the added field is never collected)
A,SK-009,invalidated,POL-003-R1,True,True,silent_wrong_action,POL-003-R1: 'validate-purchase' supplies only 3 value(s); v2 requires 4 (the added field is never collected)
A,SK-012,invalidated,POL-004-R2;POL-004-R3,True,True,silent_wrong_action,"POL-004-R2: no predicate defined for POL-004-R2 | POL-004-R3: sequence still calls 'update-order', which v2 forbids: guest members are never eligible for a return in v2, so the return-granting step must not be reached"
A,SK-014,invalidated,POL-005-R1,True,True,silent_wrong_action,POL-005-R1: 'verify-identity' supplies only 3 value(s); v2 requires 4 (the added field is never collected)
A,SK-015,invalidated,POL-005-R1,True,True,silent_wrong_action,POL-005-R1: 'verify-identity' supplies only 3 value(s); v2 requires 4 (the added field is never collected)
A,SK-016,invalidated,POL-005-R1,True,True,silent_wrong_action,POL-005-R1: 'verify-identity' supplies only 3 value(s); v2 requires 4 (the added field is never collected)
A,SK-017,invalidated,POL-005-R1,True,True,silent_wrong_action,POL-005-R1: 'verify-identity' supplies only 3 value(s); v2 requires 4 (the added field is never collected)
A,SK-018,invalidated,POL-006-R1,True,True,silent_wrong_action,POL-006-R1: 'verify-identity' supplies only 3 value(s); v2 requires 4 (the added field is never collected)
A,SK-019,invalidated,POL-006-R1,True,True,silent_wrong_action,POL-006-R1: 'verify-identity' supplies only 3 value(s); v2 requires 4 (the added field is never collected)
A,SK-020,invalidated,POL-006-R1,True,True,silent_wrong_action,POL-006-R1: 'verify-identity' supplies only 3 value(s); v2 requires 4 (the added field is never collected)
A,SK-021,invalidated,POL-007-R1,True,True,silent_wrong_action,POL-007-R1: 'verify-identity' supplies only 3 value(s); v2 requires 4 (the added field is never collected)
A,SK-022,invalidated,POL-007-R1,True,True,silent_wrong_action,POL-007-R1: 'verify-identity' supplies only 3 value(s); v2 requires 4 (the added field is never collected)
A,SK-023,invalidated,POL-007-R1,True,True,silent_wrong_action,POL-007-R1: 'verify-identity' supplies only 3 value(s); v2 requires 4 (the added field is never collected)
A,SK-024,invalidated,POL-008-R1,True,True,silent_wrong_action,POL-008-R1: 'verify-identity' supplies only 3 value(s); v2 requires 4 (the added field is never collected)
A,SK-025,invalidated,POL-008-R1,True,True,silent_wrong_action,POL-008-R1: 'verify-identity' supplies only 3 value(s); v2 requires 4 (the added field is never collected)
A,SK-026,invalidated,POL-008-R1,True,True,silent_wrong_action,POL-008-R1: 'verify-identity' supplies only 3 value(s); v2 requires 4 (the added field is never collected)
A,SK-027,invalidated,POL-009-R1,True,True,silent_wrong_action,POL-009-R1: 'verify-identity' supplies only 3 value(s); v2 requires 4 (the added field is never collected)
A,SK-028,invalidated,POL-009-R1,True,True,silent_wrong_action,POL-009-R1: 'verify-identity' supplies only 3 value(s); v2 requires 4 (the added field is never collected)
A,SK-029,invalidated,POL-009-R1,True,True,silent_wrong_action,POL-009-R1: 'verify-identity' supplies only 3 value(s); v2 requires 4 (the added field is never collected)
A,SK-030,invalidated,POL-009-R1,True,True,silent_wrong_action,POL-009-R1: 'verify-identity' supplies only 3 value(s); v2 requires 4 (the added field is never collected)
A,SK-031,invalidated,POL-010-R1,True,True,silent_wrong_action,POL-010-R1: 'verify-identity' supplies only 3 value(s); v2 requires 4 (the added field is never collected)
A,SK-032,invalidated,POL-010-R1,True,True,silent_wrong_action,POL-010-R1: 'verify-identity' supplies only 3 value(s); v2 requires 4 (the added field is never collected)
A,SK-033,invalidated,POL-010-R1,True,True,silent_wrong_action,POL-010-R1: 'verify-identity' supplies only 3 value(s); v2 requires 4 (the added field is never collected)
A,SK-034,invalidated,POL-010-R1,True,True,silent_wrong_action,POL-010-R1: 'verify-identity' supplies only 3 value(s); v2 requires 4 (the added field is never collected)
A,SK-035,invalidated,POL-011-R1,True,True,silent_wrong_action,POL-011-R1: 'verify-identity' supplies only 3 value(s); v2 requires 4 (the added field is never collected)
A,SK-036,invalidated,POL-011-R1,True,True,silent_wrong_action,POL-011-R1: 'verify-identity' supplies only 3 value(s); v2 requires 4 (the added field is never collected)
A,SK-037,invalidated,POL-011-R1,True,True,silent_wrong_action,POL-011-R1: 'verify-identity' supplies only 3 value(s); v2 requires 4 (the added field is never collected)
A,SK-038,invalidated,POL-011-R1,True,True,silent_wrong_action,POL-011-R1: 'verify-identity' supplies only 3 value(s); v2 requires 4 (the added field is never collected)
A,SK-039,invalidated,POL-012-R1,True,True,silent_wrong_action,POL-012-R1: 'verify-identity' supplies only 3 value(s); v2 requires 4 (the added field is never collected)
A,SK-040,invalidated,POL-012-R1,True,True,silent_wrong_action,POL-012-R1: 'verify-identity' supplies only 3 value(s); v2 requires 4 (the added field is never collected)
A,SK-041,invalidated,POL-012-R1,True,True,silent_wrong_action,POL-012-R1: 'verify-identity' supplies only 3 value(s); v2 requires 4 (the added field is never collected)
A,SK-108,invalidated,POL-035-R2;POL-035-R3,True,True,silent_wrong_action,"POL-035-R2: no predicate defined for POL-035-R2 | POL-035-R3: sequence still calls 'ask-the-oracle', which v2 forbids: Bronze/Guest are always denied in v2 and the Oracle is no longer consulted for these tiers"
A,SK-110,invalidated,POL-035-R2;POL-035-R3,True,True,silent_wrong_action,"POL-035-R2: no predicate defined for POL-035-R2 | POL-035-R3: sequence still calls 'ask-the-oracle', which v2 forbids: Bronze/Guest are always denied in v2 and the Oracle is no longer consulted for these tiers"
